run,noise_type,snr_db,region,metric,value
e1_blind_fold0_seed0,correlated_gaussian,0.0,all,psnr,22.736564275159687
e1_blind_fold0_seed0,correlated_gaussian,0.0,all,sam,19.677684783935547
e1_blind_fold0_seed0,correlated_gaussian,0.0,all,ssim,0.44780626398398393
e1_blind_fold0_seed0,correlated_gaussian,0.0,ship,psnr,20.036687680636813
e1_blind_fold0_seed0,correlated_gaussian,0.0,ship,sam,16.40680193901062
e1_blind_fold0_seed0,correlated_gaussian,0.0,ship,ssim,0.6118478697882237
e1_blind_fold0_seed0,correlated_gaussian,5.0,all,psnr,27.242364953413
e1_blind_fold0_seed0,correlated_gaussian,5.0,all,sam,11.419036030769348
e1_blind_fold0_seed0,correlated_gaussian,5.0,all,ssim,0.6974705306371726
e1_blind_fold0_seed0,correlated_gaussian,5.0,ship,psnr,24.037568377090274
e1_blind_fold0_seed0,correlated_gaussian,5.0,ship,sam,9.945123791694641
e1_blind_fold0_seed0,correlated_gaussian,5.0,ship,ssim,0.8005401323749598
e1_blind_fold0_seed0,correlated_gaussian,10.0,all,psnr,30.92527200436139
e1_blind_fold0_seed0,correlated_gaussian,10.0,all,sam,7.3733731508255005
e1_blind_fold0_seed0,correlated_gaussian,10.0,all,ssim,0.8400329667835449
e1_blind_fold0_seed0,correlated_gaussian,10.0,ship,psnr,27.188581173495965
e1_blind_fold0_seed0,correlated_gaussian,10.0,ship,sam,7.110645771026611
e1_blind_fold0_seed0,correlated_gaussian,10.0,ship,ssim,0.8828574792810288
e1_blind_fold0_seed0,correlated_gaussian,15.0,all,psnr,33.978110030373564
e1_blind_fold0_seed0,correlated_gaussian,15.0,all,sam,5.357995450496674
e1_blind_fold0_seed0,correlated_gaussian,15.0,all,ssim,0.9060547662301214
e1_blind_fold0_seed0,correlated_gaussian,15.0,ship,psnr,30.01892222979164
e1_blind_fold0_seed0,correlated_gaussian,15.0,ship,sam,5.4787352085113525
e1_blind_fold0_seed0,correlated_gaussian,15.0,ship,ssim,0.9342677631765923
e1_blind_fold0_seed0,correlated_gaussian,20.0,all,psnr,36.842158444685715
e1_blind_fold0_seed0,correlated_gaussian,20.0,all,sam,3.9375022649765015
e1_blind_fold0_seed0,correlated_gaussian,20.0,all,ssim,0.9438236867127714
e1_blind_fold0_seed0,correlated_gaussian,20.0,ship,psnr,32.772873478339406
e1_blind_fold0_seed0,correlated_gaussian,20.0,ship,sam,4.265042662620544
e1_blind_fold0_seed0,correlated_gaussian,20.0,ship,ssim,0.9606093900386856
e1_blind_fold0_seed0,correlated_gaussian,25.0,all,psnr,40.02917530018799
e1_blind_fold0_seed0,correlated_gaussian,25.0,all,sam,2.8325729370117188
e1_blind_fold0_seed0,correlated_gaussian,25.0,all,ssim,0.9694989663656832
e1_blind_fold0_seed0,correlated_gaussian,25.0,ship,psnr,35.95076906215501
e1_blind_fold0_seed0,correlated_gaussian,25.0,ship,sam,3.111744999885559
e1_blind_fold0_seed0,correlated_gaussian,25.0,ship,ssim,0.9787140436903119
e1_blind_fold0_seed0,correlated_gaussian,30.0,all,psnr,43.431176349455185
e1_blind_fold0_seed0,correlated_gaussian,30.0,all,sam,2.057404935359955
e1_blind_fold0_seed0,correlated_gaussian,30.0,all,ssim,0.9844075883170269
e1_blind_fold0_seed0,correlated_gaussian,30.0,ship,psnr,39.10716062376947
e1_blind_fold0_seed0,correlated_gaussian,30.0,ship,sam,2.2211822271347046
e1_blind_fold0_seed0,correlated_gaussian,30.0,ship,ssim,0.9889178432686103
e1_blind_fold0_seed0,correlated_gaussian,35.0,all,psnr,46.6502791572374
e1_blind_fold0_seed0,correlated_gaussian,35.0,all,sam,1.536271333694458
e1_blind_fold0_seed0,correlated_gaussian,35.0,all,ssim,0.9919366322035716
e1_blind_fold0_seed0,correlated_gaussian,35.0,ship,psnr,41.90125966208491
e1_blind_fold0_seed0,correlated_gaussian,35.0,ship,sam,1.5593579411506653
e1_blind_fold0_seed0,correlated_gaussian,35.0,ship,ssim,0.9942167020963381
e1_blind_fold0_seed0,correlated_gaussian,40.0,all,psnr,49.33090987266562
e1_blind_fold0_seed0,correlated_gaussian,40.0,all,sam,1.1057505160570145
e1_blind_fold0_seed0,correlated_gaussian,40.0,all,ssim,0.9958204472273399
e1_blind_fold0_seed0,correlated_gaussian,40.0,ship,psnr,43.65807865723315
e1_blind_fold0_seed0,correlated_gaussian,40.0,ship,sam,1.1752948760986328
e1_blind_fold0_seed0,correlated_gaussian,40.0,ship,ssim,0.996549720461608
e1_blind_fold0_seed0,gaussian,0.0,all,psnr,30.729750509497038
e1_blind_fold0_seed0,gaussian,0.0,all,sam,6.403859376907349
e1_blind_fold0_seed0,gaussian,0.0,all,ssim,0.7991852078105531
e1_blind_fold0_seed0,gaussian,0.0,ship,psnr,26.00920974554919
e1_blind_fold0_seed0,gaussian,0.0,ship,sam,7.6386295557022095
e1_blind_fold0_seed0,gaussian,0.0,ship,ssim,0.8387656428377258
e1_blind_fold0_seed0,gaussian,5.0,all,psnr,34.04168252271991
e1_blind_fold0_seed0,gaussian,5.0,all,sam,4.391709566116333
e1_blind_fold0_seed0,gaussian,5.0,all,ssim,0.8969701923554876
e1_blind_fold0_seed0,gaussian,5.0,ship,psnr,28.383671316590572
e1_blind_fold0_seed0,gaussian,5.0,ship,sam,6.127840042114258
e1_blind_fold0_seed0,gaussian,5.0,ship,ssim,0.9058055204298143
e1_blind_fold0_seed0,gaussian,10.0,all,psnr,36.94298108874102
e1_blind_fold0_seed0,gaussian,10.0,all,sam,3.225747525691986
e1_blind_fold0_seed0,gaussian,10.0,all,ssim,0.9460125383291549
e1_blind_fold0_seed0,gaussian,10.0,ship,psnr,30.207526265548662
e1_blind_fold0_seed0,gaussian,10.0,ship,sam,5.109905123710632
e1_blind_fold0_seed0,gaussian,10.0,ship,ssim,0.936981796657478
e1_blind_fold0_seed0,gaussian,15.0,all,psnr,39.60639311267212
e1_blind_fold0_seed0,gaussian,15.0,all,sam,2.477840483188629
e1_blind_fold0_seed0,gaussian,15.0,all,ssim,0.9697747835916898
e1_blind_fold0_seed0,gaussian,15.0,ship,psnr,32.347013847327
e1_blind_fold0_seed0,gaussian,15.0,ship,sam,4.187657654285431
e1_blind_fold0_seed0,gaussian,15.0,ship,ssim,0.9610415575886371
e1_blind_fold0_seed0,gaussian,20.0,all,psnr,42.26462343721207
e1_blind_fold0_seed0,gaussian,20.0,all,sam,1.9031655192375183
e1_blind_fold0_seed0,gaussian,20.0,all,ssim,0.9820994717322706
e1_blind_fold0_seed0,gaussian,20.0,ship,psnr,35.06379903665855
e1_blind_fold0_seed0,gaussian,20.0,ship,sam,3.2206857204437256
e1_blind_fold0_seed0,gaussian,20.0,ship,ssim,0.9772005008711797
e1_blind_fold0_seed0,gaussian,25.0,all,psnr,45.012805060675554
e1_blind_fold0_seed0,gaussian,25.0,all,sam,1.470461905002594
e1_blind_fold0_seed0,gaussian,25.0,all,ssim,0.9892378937334724
e1_blind_fold0_seed0,gaussian,25.0,ship,psnr,38.2662601712683
e1_blind_fold0_seed0,gaussian,25.0,ship,sam,2.3035862147808075
e1_blind_fold0_seed0,gaussian,25.0,ship,ssim,0.9880252385436897
e1_blind_fold0_seed0,gaussian,30.0,all,psnr,47.70663219058962
e1_blind_fold0_seed0,gaussian,30.0,all,sam,1.1746448576450348
e1_blind_fold0_seed0,gaussian,30.0,all,ssim,0.993510700851375
e1_blind_fold0_seed0,gaussian,30.0,ship,psnr,41.098646635101254
e1_blind_fold0_seed0,gaussian,30.0,ship,sam,1.6621227264404297
e1_blind_fold0_seed0,gaussian,30.0,ship,ssim,0.9934626872544545
e1_blind_fold0_seed0,gaussian,35.0,all,psnr,49.935035651973394
e1_blind_fold0_seed0,gaussian,35.0,all,sam,0.9467523694038391
e1_blind_fold0_seed0,gaussian,35.0,all,ssim,0.9960376912405994
e1_blind_fold0_seed0,gaussian,35.0,ship,psnr,43.28877958189445
e1_blind_fold0_seed0,gaussian,35.0,ship,sam,1.2307718694210052
e1_blind_fold0_seed0,gaussian,35.0,ship,ssim,0.9961786834761707
e1_blind_fold0_seed0,gaussian,40.0,all,psnr,51.40134086488001
e1_blind_fold0_seed0,gaussian,40.0,all,sam,0.7588911652565002
e1_blind_fold0_seed0,gaussian,40.0,all,ssim,0.9974752386591141
e1_blind_fold0_seed0,gaussian,40.0,ship,psnr,44.42569960273805
e1_blind_fold0_seed0,gaussian,40.0,ship,sam,1.0128212124109268
e1_blind_fold0_seed0,gaussian,40.0,ship,ssim,0.9972474556868178
e1_blind_fold0_seed0,poisson_gaussian,0.0,all,psnr,30.265501483435543
e1_blind_fold0_seed0,poisson_gaussian,0.0,all,sam,5.754616022109985
e1_blind_fold0_seed0,poisson_gaussian,0.0,all,ssim,0.8048982263556129
e1_blind_fold0_seed0,poisson_gaussian,0.0,ship,psnr,25.78568194736234
e1_blind_fold0_seed0,poisson_gaussian,0.0,ship,sam,7.560327172279358
e1_blind_fold0_seed0,poisson_gaussian,0.0,ship,ssim,0.8477158369692572
e1_blind_fold0_seed0,poisson_gaussian,5.0,all,psnr,33.508047353438826
e1_blind_fold0_seed0,poisson_gaussian,5.0,all,sam,4.0550121665000916
e1_blind_fold0_seed0,poisson_gaussian,5.0,all,ssim,0.8970677499647512
e1_blind_fold0_seed0,poisson_gaussian,5.0,ship,psnr,28.255226316223222
e1_blind_fold0_seed0,poisson_gaussian,5.0,ship,sam,6.090645790100098
e1_blind_fold0_seed0,poisson_gaussian,5.0,ship,ssim,0.9066786084629532
e1_blind_fold0_seed0,poisson_gaussian,10.0,all,psnr,36.410862423324076
e1_blind_fold0_seed0,poisson_gaussian,10.0,all,sam,3.0418936014175415
e1_blind_fold0_seed0,poisson_gaussian,10.0,all,ssim,0.944779927668133
e1_blind_fold0_seed0,poisson_gaussian,10.0,ship,psnr,30.07789263035653
e1_blind_fold0_seed0,poisson_gaussian,10.0,ship,sam,5.145108342170715
e1_blind_fold0_seed0,poisson_gaussian,10.0,ship,ssim,0.9407564370502777
e1_blind_fold0_seed0,poisson_gaussian,15.0,all,psnr,39.08316802665721
e1_blind_fold0_seed0,poisson_gaussian,15.0,all,sam,2.3441264629364014
e1_blind_fold0_seed0,poisson_gaussian,15.0,all,ssim,0.9684361762736655
e1_blind_fold0_seed0,poisson_gaussian,15.0,ship,psnr,32.36190212332258
e1_blind_fold0_seed0,poisson_gaussian,15.0,ship,sam,4.138563513755798
e1_blind_fold0_seed0,poisson_gaussian,15.0,ship,ssim,0.9632996503805904
e1_blind_fold0_seed0,poisson_gaussian,20.0,all,psnr,41.73503208323243
e1_blind_fold0_seed0,poisson_gaussian,20.0,all,sam,1.8106115758419037
e1_blind_fold0_seed0,poisson_gaussian,20.0,all,ssim,0.9810425443036035
e1_blind_fold0_seed0,poisson_gaussian,20.0,ship,psnr,35.240386896242136
e1_blind_fold0_seed0,poisson_gaussian,20.0,ship,sam,3.109814465045929
e1_blind_fold0_seed0,poisson_gaussian,20.0,ship,ssim,0.979368742365045
e1_blind_fold0_seed0,poisson_gaussian,25.0,all,psnr,44.461050820901555
e1_blind_fold0_seed0,poisson_gaussian,25.0,all,sam,1.4245384633541107
e1_blind_fold0_seed0,poisson_gaussian,25.0,all,ssim,0.988579088775665
e1_blind_fold0_seed0,poisson_gaussian,25.0,ship,psnr,38.40965967023635
e1_blind_fold0_seed0,poisson_gaussian,25.0,ship,sam,2.218712270259857
e1_blind_fold0_seed0,poisson_gaussian,25.0,ship,ssim,0.9889633296104492
e1_blind_fold0_seed0,poisson_gaussian,30.0,all,psnr,47.214955602162476
e1_blind_fold0_seed0,poisson_gaussian,30.0,all,sam,1.1388253569602966
e1_blind_fold0_seed0,poisson_gaussian,30.0,all,ssim,0.9931955524655074
e1_blind_fold0_seed0,poisson_gaussian,30.0,ship,psnr,41.28168072181594
e1_blind_fold0_seed0,poisson_gaussian,30.0,ship,sam,1.58883735537529
e1_blind_fold0_seed0,poisson_gaussian,30.0,ship,ssim,0.9940423496763895
e1_blind_fold0_seed0,poisson_gaussian,35.0,all,psnr,49.63182257966905
e1_blind_fold0_seed0,poisson_gaussian,35.0,all,sam,0.899212121963501
e1_blind_fold0_seed0,poisson_gaussian,35.0,all,ssim,0.9959715094115762
e1_blind_fold0_seed0,poisson_gaussian,35.0,ship,psnr,43.4046708901561
e1_blind_fold0_seed0,poisson_gaussian,35.0,ship,sam,1.1835679411888123
e1_blind_fold0_seed0,poisson_gaussian,35.0,ship,ssim,0.9964786216258352
e1_blind_fold0_seed0,poisson_gaussian,40.0,all,psnr,51.276894360125
e1_blind_fold0_seed0,poisson_gaussian,40.0,all,sam,0.7171446830034256
e1_blind_fold0_seed0,poisson_gaussian,40.0,all,ssim,0.9975130533960841
e1_blind_fold0_seed0,poisson_gaussian,40.0,ship,psnr,44.49205602420144
e1_blind_fold0_seed0,poisson_gaussian,40.0,ship,sam,0.9923273026943207
e1_blind_fold0_seed0,poisson_gaussian,40.0,ship,ssim,0.9973420649877902
e1_ffdnet_matched_fold0_seed0,correlated_gaussian,0.0,all,psnr,9.222319598821619
e1_ffdnet_matched_fold0_seed0,correlated_gaussian,0.0,all,sam,56.7601432800293
e1_ffdnet_matched_fold0_seed0,correlated_gaussian,0.0,all,ssim,0.03635429515798393
e1_ffdnet_matched_fold0_seed0,correlated_gaussian,0.0,ship,psnr,9.182543224730697
e1_ffdnet_matched_fold0_seed0,correlated_gaussian,0.0,ship,sam,49.860819816589355
e1_ffdnet_matched_fold0_seed0,correlated_gaussian,0.0,ship,ssim,0.16074421754087476
e1_ffdnet_matched_fold0_seed0,correlated_gaussian,5.0,all,psnr,14.218032797470308
e1_ffdnet_matched_fold0_seed0,correlated_gaussian,5.0,all,sam,44.92113780975342
e1_ffdnet_matched_fold0_seed0,correlated_gaussian,5.0,all,ssim,0.09571901897717706
e1_ffdnet_matched_fold0_seed0,correlated_gaussian,5.0,ship,psnr,14.241850950392314
e1_ffdnet_matched_fold0_seed0,correlated_gaussian,5.0,ship,sam,35.696895122528076
e1_ffdnet_matched_fold0_seed0,correlated_gaussian,5.0,ship,ssim,0.321753758008385
e1_ffdnet_matched_fold0_seed0,correlated_gaussian,10.0,all,psnr,19.220119464037733
e1_ffdnet_matched_fold0_seed0,correlated_gaussian,10.0,all,sam,33.35227108001709
e1_ffdnet_matched_fold0_seed0,correlated_gaussian,10.0,all,ssim,0.21224886758548275
e1_ffdnet_matched_fold0_seed0,correlated_gaussian,10.0,ship,psnr,19.263632815554857
e1_ffdnet_matched_fold0_seed0,correlated_gaussian,10.0,ship,sam,23.253761768341064
e1_ffdnet_matched_fold0_seed0,correlated_gaussian,10.0,ship,ssim,0.5217318108189891
e1_ffdnet_matched_fold0_seed0,correlated_gaussian,15.0,all,psnr,24.222644946676436
e1_ffdnet_matched_fold0_seed0,correlated_gaussian,15.0,all,sam,23.18120002746582
e1_ffdnet_matched_fold0_seed0,correlated_gaussian,15.0,all,ssim,0.3938086032159252
e1_ffdnet_matched_fold0_seed0,correlated_gaussian,15.0,ship,psnr,24.267320968315516
e1_ffdnet_matched_fold0_seed0,correlated_gaussian,15.0,ship,sam,14.377892017364502
e1_ffdnet_matched_fold0_seed0,correlated_gaussian,15.0,ship,ssim,0.7160365040537104
e1_ffdnet_matched_fold0_seed0,correlated_gaussian,20.0,all,psnr,29.216657119143353
e1_ffdnet_matched_fold0_seed0,correlated_gaussian,20.0,all,sam,15.055037021636963
e1_ffdnet_matched_fold0_seed0,correlated_gaussian,20.0,all,ssim,0.6141113687993742
e1_ffdnet_matched_fold0_seed0,correlated_gaussian,20.0,ship,psnr,29.108571488817653
e1_ffdnet_matched_fold0_seed0,correlated_gaussian,20.0,ship,sam,8.548789143562317
e1_ffdnet_matched_fold0_seed0,correlated_gaussian,20.0,ship,ssim,0.8583380981729278
e1_ffdnet_matched_fold0_seed0,correlated_gaussian,25.0,all,psnr,34.215682452283396
e1_ffdnet_matched_fold0_seed0,correlated_gaussian,25.0,all,sam,9.159205555915833
e1_ffdnet_matched_fold0_seed0,correlated_gaussian,25.0,all,ssim,0.8084696399494374
e1_ffdnet_matched_fold0_seed0,correlated_gaussian,25.0,ship,psnr,34.23140158126157
e1_ffdnet_matched_fold0_seed0,correlated_gaussian,25.0,ship,sam,4.875478267669678
e1_ffdnet_matched_fold0_seed0,correlated_gaussian,25.0,ship,ssim,0.9420052863504076
e1_ffdnet_matched_fold0_seed0,correlated_gaussian,30.0,all,psnr,39.21111388062005
e1_ffdnet_matched_fold0_seed0,correlated_gaussian,30.0,all,sam,5.322111010551453
e1_ffdnet_matched_fold0_seed0,correlated_gaussian,30.0,all,ssim,0.9242798406508841
e1_ffdnet_matched_fold0_seed0,correlated_gaussian,30.0,ship,psnr,39.23551711414049
e1_ffdnet_matched_fold0_seed0,correlated_gaussian,30.0,ship,sam,2.7544151842594147
e1_ffdnet_matched_fold0_seed0,correlated_gaussian,30.0,ship,ssim,0.9796449318610525
e1_ffdnet_matched_fold0_seed0,correlated_gaussian,35.0,all,psnr,44.194103345168585
e1_ffdnet_matched_fold0_seed0,correlated_gaussian,35.0,all,sam,3.0343052744865417
e1_ffdnet_matched_fold0_seed0,correlated_gaussian,35.0,all,ssim,0.9738463698150974
e1_ffdnet_matched_fold0_seed0,correlated_gaussian,35.0,ship,psnr,44.20658989513919
e1_ffdnet_matched_fold0_seed0,correlated_gaussian,35.0,ship,sam,1.562416896224022
e1_ffdnet_matched_fold0_seed0,correlated_gaussian,35.0,ship,ssim,0.9931264213594841
e1_ffdnet_matched_fold0_seed0,correlated_gaussian,40.0,all,psnr,49.13883133101507
e1_ffdnet_matched_fold0_seed0,correlated_gaussian,40.0,all,sam,1.7203346490859985
e1_ffdnet_matched_fold0_seed0,correlated_gaussian,40.0,all,ssim,0.991446838823431
e1_ffdnet_matched_fold0_seed0,correlated_gaussian,40.0,ship,psnr,49.25238299104477
e1_ffdnet_matched_fold0_seed0,correlated_gaussian,40.0,ship,sam,0.8717701435089111
e1_ffdnet_matched_fold0_seed0,correlated_gaussian,40.0,ship,ssim,0.9978826463330113
e1_ffdnet_matched_fold0_seed0,gaussian,0.0,all,psnr,9.220964898058332
e1_ffdnet_matched_fold0_seed0,gaussian,0.0,all,sam,56.75728702545166
e1_ffdnet_matched_fold0_seed0,gaussian,0.0,all,ssim,0.03348740939299
e1_ffdnet_matched_fold0_seed0,gaussian,0.0,ship,psnr,9.214116889805107
e1_ffdnet_matched_fold0_seed0,gaussian,0.0,ship,sam,50.04297161102295
e1_ffdnet_matched_fold0_seed0,gaussian,0.0,ship,ssim,0.15824894571949757
e1_ffdnet_matched_fold0_seed0,gaussian,5.0,all,psnr,14.219567469684682
e1_ffdnet_matched_fold0_seed0,gaussian,5.0,all,sam,44.90285778045654
e1_ffdnet_matched_fold0_seed0,gaussian,5.0,all,ssim,0.0836944691622662
e1_ffdnet_matched_fold0_seed0,gaussian,5.0,ship,psnr,14.226448736074222
e1_ffdnet_matched_fold0_seed0,gaussian,5.0,ship,sam,35.61341333389282
e1_ffdnet_matched_fold0_seed0,gaussian,5.0,ship,ssim,0.3028341280480837
e1_ffdnet_matched_fold0_seed0,gaussian,10.0,all,psnr,19.219122487231914
e1_ffdnet_matched_fold0_seed0,gaussian,10.0,all,sam,33.33956813812256
e1_ffdnet_matched_fold0_seed0,gaussian,10.0,all,ssim,0.18222524715331
e1_ffdnet_matched_fold0_seed0,gaussian,10.0,ship,psnr,19.194311657492147
e1_ffdnet_matched_fold0_seed0,gaussian,10.0,ship,sam,23.456093788146973
e1_ffdnet_matched_fold0_seed0,gaussian,10.0,ship,ssim,0.4870375821320506
e1_ffdnet_matched_fold0_seed0,gaussian,15.0,all,psnr,24.22059281386788
e1_ffdnet_matched_fold0_seed0,gaussian,15.0,all,sam,23.176429748535156
e1_ffdnet_matched_fold0_seed0,gaussian,15.0,all,ssim,0.34526495180265404
e1_ffdnet_matched_fold0_seed0,gaussian,15.0,ship,psnr,24.206456403039816
e1_ffdnet_matched_fold0_seed0,gaussian,15.0,ship,sam,14.44818377494812
e1_ffdnet_matched_fold0_seed0,gaussian,15.0,ship,ssim,0.6714564383294552
e1_ffdnet_matched_fold0_seed0,gaussian,20.0,all,psnr,29.218920605055782
e1_ffdnet_matched_fold0_seed0,gaussian,20.0,all,sam,15.057804822921753
e1_ffdnet_matched_fold0_seed0,gaussian,20.0,all,ssim,0.5642710601550915
e1_ffdnet_matched_fold0_seed0,gaussian,20.0,ship,psnr,29.1713807390344
e1_ffdnet_matched_fold0_seed0,gaussian,20.0,ship,sam,8.562042593955994
e1_ffdnet_matched_fold0_seed0,gaussian,20.0,ship,ssim,0.8224590436599216
e1_ffdnet_matched_fold0_seed0,gaussian,25.0,all,psnr,34.21751836921328
e1_ffdnet_matched_fold0_seed0,gaussian,25.0,all,sam,9.155793309211731
e1_ffdnet_matched_fold0_seed0,gaussian,25.0,all,ssim,0.7765899281197053
e1_ffdnet_matched_fold0_seed0,gaussian,25.0,ship,psnr,34.26201849998798
e1_ffdnet_matched_fold0_seed0,gaussian,25.0,ship,sam,4.845779836177826
e1_ffdnet_matched_fold0_seed0,gaussian,25.0,ship,ssim,0.922007156008746
e1_ffdnet_matched_fold0_seed0,gaussian,30.0,all,psnr,39.21175142875083
e1_ffdnet_matched_fold0_seed0,gaussian,30.0,all,sam,5.3242268562316895
e1_ffdnet_matched_fold0_seed0,gaussian,30.0,all,ssim,0.9103704187169052
e1_ffdnet_matched_fold0_seed0,gaussian,30.0,ship,psnr,39.266713204132685
e1_ffdnet_matched_fold0_seed0,gaussian,30.0,ship,sam,2.732519268989563
e1_ffdnet_matched_fold0_seed0,gaussian,30.0,ship,ssim,0.9706242141000475
e1_ffdnet_matched_fold0_seed0,gaussian,35.0,all,psnr,44.193575844672736
e1_ffdnet_matched_fold0_seed0,gaussian,35.0,all,sam,3.0327349603176117
e1_ffdnet_matched_fold0_seed0,gaussian,35.0,all,ssim,0.9688562237430766
e1_ffdnet_matched_fold0_seed0,gaussian,35.0,ship,psnr,44.18105024401616
e1_ffdnet_matched_fold0_seed0,gaussian,35.0,ship,sam,1.5650511980056763
e1_ffdnet_matched_fold0_seed0,gaussian,35.0,ship,ssim,0.9900758524711221
e1_ffdnet_matched_fold0_seed0,gaussian,40.0,all,psnr,49.13931877357629
e1_ffdnet_matched_fold0_seed0,gaussian,40.0,all,sam,1.7194656431674957
e1_ffdnet_matched_fold0_seed0,gaussian,40.0,all,ssim,0.9897769636211378
e1_ffdnet_matched_fold0_seed0,gaussian,40.0,ship,psnr,49.145642305210096
e1_ffdnet_matched_fold0_seed0,gaussian,40.0,ship,sam,0.876985102891922
e1_ffdnet_matched_fold0_seed0,gaussian,40.0,ship,ssim,0.9967707404810905
e1_ffdnet_matched_fold0_seed0,poisson_gaussian,0.0,all,psnr,9.220406972461756
e1_ffdnet_matched_fold0_seed0,poisson_gaussian,0.0,all,sam,57.143975257873535
e1_ffdnet_matched_fold0_seed0,poisson_gaussian,0.0,all,ssim,0.029489121346127845
e1_ffdnet_matched_fold0_seed0,poisson_gaussian,0.0,ship,psnr,8.80085821743157
e1_ffdnet_matched_fold0_seed0,poisson_gaussian,0.0,ship,sam,50.7444486618042
e1_ffdnet_matched_fold0_seed0,poisson_gaussian,0.0,ship,ssim,0.14433266294238312
e1_ffdnet_matched_fold0_seed0,poisson_gaussian,5.0,all,psnr,14.21941794397188
e1_ffdnet_matched_fold0_seed0,poisson_gaussian,5.0,all,sam,43.9353666305542
e1_ffdnet_matched_fold0_seed0,poisson_gaussian,5.0,all,ssim,0.07836830849897548
e1_ffdnet_matched_fold0_seed0,poisson_gaussian,5.0,ship,psnr,13.808288599885639
e1_ffdnet_matched_fold0_seed0,poisson_gaussian,5.0,ship,sam,35.53209352493286
e1_ffdnet_matched_fold0_seed0,poisson_gaussian,5.0,ship,ssim,0.294596290977528
e1_ffdnet_matched_fold0_seed0,poisson_gaussian,10.0,all,psnr,19.218704134266012
e1_ffdnet_matched_fold0_seed0,poisson_gaussian,10.0,all,sam,31.38757562637329
e1_ffdnet_matched_fold0_seed0,poisson_gaussian,10.0,all,ssim,0.18114922433597344
e1_ffdnet_matched_fold0_seed0,poisson_gaussian,10.0,ship,psnr,18.777760655511443
e1_ffdnet_matched_fold0_seed0,poisson_gaussian,10.0,ship,sam,22.86611557006836
e1_ffdnet_matched_fold0_seed0,poisson_gaussian,10.0,ship,ssim,0.48863924198534703
e1_ffdnet_matched_fold0_seed0,poisson_gaussian,15.0,all,psnr,24.219575535159187
e1_ffdnet_matched_fold0_seed0,poisson_gaussian,15.0,all,sam,20.889497995376587
e1_ffdnet_matched_fold0_seed0,poisson_gaussian,15.0,all,ssim,0.35822028178675663
e1_ffdnet_matched_fold0_seed0,poisson_gaussian,15.0,ship,psnr,23.79808178859988
e1_ffdnet_matched_fold0_seed0,poisson_gaussian,15.0,ship,sam,13.775201082229614
e1_ffdnet_matched_fold0_seed0,poisson_gaussian,15.0,ship,ssim,0.684628264537891
e1_ffdnet_matched_fold0_seed0,poisson_gaussian,20.0,all,psnr,29.219565343748307
e1_ffdnet_matched_fold0_seed0,poisson_gaussian,20.0,all,sam,12.985544919967651
e1_ffdnet_matched_fold0_seed0,poisson_gaussian,20.0,all,ssim,0.5913095399608848
e1_ffdnet_matched_fold0_seed0,poisson_gaussian,20.0,ship,psnr,28.82090703787651
e1_ffdnet_matched_fold0_seed0,poisson_gaussian,20.0,ship,sam,7.961203694343567
e1_ffdnet_matched_fold0_seed0,poisson_gaussian,20.0,ship,ssim,0.838867606372596
e1_ffdnet_matched_fold0_seed0,poisson_gaussian,25.0,all,psnr,34.21785505986199
e1_ffdnet_matched_fold0_seed0,poisson_gaussian,25.0,all,sam,7.652734041213989
e1_ffdnet_matched_fold0_seed0,poisson_gaussian,25.0,all,ssim,0.8002382973608514
e1_ffdnet_matched_fold0_seed0,poisson_gaussian,25.0,ship,psnr,33.841302677744906
e1_ffdnet_matched_fold0_seed0,poisson_gaussian,25.0,ship,sam,4.510032594203949
e1_ffdnet_matched_fold0_seed0,poisson_gaussian,25.0,ship,ssim,0.9325689095573767
e1_ffdnet_matched_fold0_seed0,poisson_gaussian,30.0,all,psnr,39.2127125766407
e1_ffdnet_matched_fold0_seed0,poisson_gaussian,30.0,all,sam,4.380973637104034
e1_ffdnet_matched_fold0_seed0,poisson_gaussian,30.0,all,ssim,0.9220807542598899
e1_ffdnet_matched_fold0_seed0,poisson_gaussian,30.0,ship,psnr,38.795898222949106
e1_ffdnet_matched_fold0_seed0,poisson_gaussian,30.0,ship,sam,2.563230663537979
e1_ffdnet_matched_fold0_seed0,poisson_gaussian,30.0,ship,ssim,0.9755275653215534
e1_ffdnet_matched_fold0_seed0,poisson_gaussian,35.0,all,psnr,44.19416268492961
e1_ffdnet_matched_fold0_seed0,poisson_gaussian,35.0,all,sam,2.484237551689148
e1_ffdnet_matched_fold0_seed0,poisson_gaussian,35.0,all,ssim,0.973209304164957
e1_ffdnet_matched_fold0_seed0,poisson_gaussian,35.0,ship,psnr,43.782332345729316
e1_ffdnet_matched_fold0_seed0,poisson_gaussian,35.0,ship,sam,1.4453910291194916
e1_ffdnet_matched_fold0_seed0,poisson_gaussian,35.0,ship,ssim,0.991887010517193
e1_ffdnet_matched_fold0_seed0,poisson_gaussian,40.0,all,psnr,49.1396236023069
e1_ffdnet_matched_fold0_seed0,poisson_gaussian,40.0,all,sam,1.4090565890073776
e1_ffdnet_matched_fold0_seed0,poisson_gaussian,40.0,all,ssim,0.9912301343129991
e1_ffdnet_matched_fold0_seed0,poisson_gaussian,40.0,ship,psnr,48.75536274620698
e1_ffdnet_matched_fold0_seed0,poisson_gaussian,40.0,ship,sam,0.8107470721006393
e1_ffdnet_matched_fold0_seed0,poisson_gaussian,40.0,ship,ssim,0.9973866783315677
full_medium_fold0_seed0,correlated_gaussian,0.0,all,psnr,22.064522339402004
full_medium_fold0_seed0,correlated_gaussian,0.0,all,sam,24.422810077667236
full_medium_fold0_seed0,correlated_gaussian,0.0,all,ssim,0.3931666805320805
full_medium_fold0_seed0,correlated_gaussian,0.0,ship,psnr,19.86651737728821
full_medium_fold0_seed0,correlated_gaussian,0.0,ship,sam,18.709369897842407
full_medium_fold0_seed0,correlated_gaussian,0.0,ship,ssim,0.5952337030761007
full_medium_fold0_seed0,correlated_gaussian,5.0,all,psnr,26.41399912726962
full_medium_fold0_seed0,correlated_gaussian,5.0,all,sam,15.723383903503418
full_medium_fold0_seed0,correlated_gaussian,5.0,all,ssim,0.6191227671302428
full_medium_fold0_seed0,correlated_gaussian,5.0,ship,psnr,23.751488569785764
full_medium_fold0_seed0,correlated_gaussian,5.0,ship,sam,11.49057650566101
full_medium_fold0_seed0,correlated_gaussian,5.0,ship,ssim,0.7778867954733915
full_medium_fold0_seed0,correlated_gaussian,10.0,all,psnr,30.458372224356797
full_medium_fold0_seed0,correlated_gaussian,10.0,all,sam,9.43114948272705
full_medium_fold0_seed0,correlated_gaussian,10.0,all,ssim,0.7972989817326754
full_medium_fold0_seed0,correlated_gaussian,10.0,ship,psnr,26.924659968968857
full_medium_fold0_seed0,correlated_gaussian,10.0,ship,sam,7.61676812171936
full_medium_fold0_seed0,correlated_gaussian,10.0,ship,ssim,0.8711242210281576
full_medium_fold0_seed0,correlated_gaussian,15.0,all,psnr,34.098420749622534
full_medium_fold0_seed0,correlated_gaussian,15.0,all,sam,5.655176758766174
full_medium_fold0_seed0,correlated_gaussian,15.0,all,ssim,0.9008316584537867
full_medium_fold0_seed0,correlated_gaussian,15.0,ship,psnr,29.789197545370264
full_medium_fold0_seed0,correlated_gaussian,15.0,ship,sam,5.545856595039368
full_medium_fold0_seed0,correlated_gaussian,15.0,ship,ssim,0.9299444066252809
full_medium_fold0_seed0,correlated_gaussian,20.0,all,psnr,37.36421926680476
full_medium_fold0_seed0,correlated_gaussian,20.0,all,sam,3.6096355319023132
full_medium_fold0_seed0,correlated_gaussian,20.0,all,ssim,0.9505909300836938
full_medium_fold0_seed0,correlated_gaussian,20.0,ship,psnr,32.48288994037536
full_medium_fold0_seed0,correlated_gaussian,20.0,ship,sam,4.20788848400116
full_medium_fold0_seed0,correlated_gaussian,20.0,ship,ssim,0.9588944744112835
full_medium_fold0_seed0,correlated_gaussian,25.0,all,psnr,40.51204843453452
full_medium_fold0_seed0,correlated_gaussian,25.0,all,sam,2.527241200208664
full_medium_fold0_seed0,correlated_gaussian,25.0,all,ssim,0.974057213297832
full_medium_fold0_seed0,correlated_gaussian,25.0,ship,psnr,35.554090994407176
full_medium_fold0_seed0,correlated_gaussian,25.0,ship,sam,3.135042428970337
full_medium_fold0_seed0,correlated_gaussian,25.0,ship,ssim,0.977355612151259
full_medium_fold0_seed0,correlated_gaussian,30.0,all,psnr,43.750172113555784
full_medium_fold0_seed0,correlated_gaussian,30.0,all,sam,1.9108576774597168
full_medium_fold0_seed0,correlated_gaussian,30.0,all,ssim,0.9859687600976085
full_medium_fold0_seed0,correlated_gaussian,30.0,ship,psnr,39.01564058517846
full_medium_fold0_seed0,correlated_gaussian,30.0,ship,sam,2.2194179594516754
full_medium_fold0_seed0,correlated_gaussian,30.0,ship,ssim,0.9886935452191271
full_medium_fold0_seed0,correlated_gaussian,35.0,all,psnr,46.98898893064614
full_medium_fold0_seed0,correlated_gaussian,35.0,all,sam,1.4915007203817368
full_medium_fold0_seed0,correlated_gaussian,35.0,all,ssim,0.9922985146656789
full_medium_fold0_seed0,correlated_gaussian,35.0,ship,psnr,42.4659353704552
full_medium_fold0_seed0,correlated_gaussian,35.0,ship,sam,1.5025438964366913
full_medium_fold0_seed0,correlated_gaussian,35.0,ship,ssim,0.9945586121573066
full_medium_fold0_seed0,correlated_gaussian,40.0,all,psnr,49.94949867268432
full_medium_fold0_seed0,correlated_gaussian,40.0,all,sam,1.1290237307548523
full_medium_fold0_seed0,correlated_gaussian,40.0,all,ssim,0.9958398667841944
full_medium_fold0_seed0,correlated_gaussian,40.0,ship,psnr,45.348804267984136
full_medium_fold0_seed0,correlated_gaussian,40.0,ship,sam,1.0290205627679825
full_medium_fold0_seed0,correlated_gaussian,40.0,ship,ssim,0.9973091711157099
full_medium_fold0_seed0,gaussian,0.0,all,psnr,31.029480537855527
full_medium_fold0_seed0,gaussian,0.0,all,sam,6.7679877281188965
full_medium_fold0_seed0,gaussian,0.0,all,ssim,0.8061739002546764
full_medium_fold0_seed0,gaussian,0.0,ship,psnr,25.575017335953035
full_medium_fold0_seed0,gaussian,0.0,ship,sam,7.911691427230835
full_medium_fold0_seed0,gaussian,0.0,ship,ssim,0.8278434684505964
full_medium_fold0_seed0,gaussian,5.0,all,psnr,34.36506753067042
full_medium_fold0_seed0,gaussian,5.0,all,sam,4.12841922044754
full_medium_fold0_seed0,gaussian,5.0,all,ssim,0.9094544993120213
full_medium_fold0_seed0,gaussian,5.0,ship,psnr,27.847531544749373
full_medium_fold0_seed0,gaussian,5.0,ship,sam,6.371168732643127
full_medium_fold0_seed0,gaussian,5.0,ship,ssim,0.893088964303946
full_medium_fold0_seed0,gaussian,10.0,all,psnr,37.15455028979686
full_medium_fold0_seed0,gaussian,10.0,all,sam,2.944747030735016
full_medium_fold0_seed0,gaussian,10.0,all,ssim,0.9515648001398476
full_medium_fold0_seed0,gaussian,10.0,ship,psnr,29.781493672889425
full_medium_fold0_seed0,gaussian,10.0,ship,sam,5.31807017326355
full_medium_fold0_seed0,gaussian,10.0,ship,ssim,0.9277399483131906
full_medium_fold0_seed0,gaussian,15.0,all,psnr,39.67722140630516
full_medium_fold0_seed0,gaussian,15.0,all,sam,2.252719432115555
full_medium_fold0_seed0,gaussian,15.0,all,ssim,0.9716708367817491
full_medium_fold0_seed0,gaussian,15.0,ship,psnr,31.95410516436368
full_medium_fold0_seed0,gaussian,15.0,ship,sam,4.361507177352905
full_medium_fold0_seed0,gaussian,15.0,ship,ssim,0.9541908948413079
full_medium_fold0_seed0,gaussian,20.0,all,psnr,42.1952031315651
full_medium_fold0_seed0,gaussian,20.0,all,sam,1.7774372696876526
full_medium_fold0_seed0,gaussian,20.0,all,ssim,0.9826769910652755
full_medium_fold0_seed0,gaussian,20.0,ship,psnr,34.41395483941959
full_medium_fold0_seed0,gaussian,20.0,ship,sam,3.4321370124816895
full_medium_fold0_seed0,gaussian,20.0,ship,ssim,0.9716402126173718
full_medium_fold0_seed0,gaussian,25.0,all,psnr,44.853670276263
full_medium_fold0_seed0,gaussian,25.0,all,sam,1.4283376038074493
full_medium_fold0_seed0,gaussian,25.0,all,ssim,0.9892397713702712
full_medium_fold0_seed0,gaussian,25.0,ship,psnr,37.473223116235644
full_medium_fold0_seed0,gaussian,25.0,ship,sam,2.5203967094421387
full_medium_fold0_seed0,gaussian,25.0,ship,ssim,0.984619421441832
full_medium_fold0_seed0,gaussian,30.0,all,psnr,47.62627410552739
full_medium_fold0_seed0,gaussian,30.0,all,sam,1.1538566499948502
full_medium_fold0_seed0,gaussian,30.0,all,ssim,0.9933992135238627
full_medium_fold0_seed0,gaussian,30.0,ship,psnr,40.82215569480853
full_medium_fold0_seed0,gaussian,30.0,ship,sam,1.742691159248352
full_medium_fold0_seed0,gaussian,30.0,ship,ssim,0.9925075678501409
full_medium_fold0_seed0,gaussian,35.0,all,psnr,50.27104442487564
full_medium_fold0_seed0,gaussian,35.0,all,sam,0.9235559105873108
full_medium_fold0_seed0,gaussian,35.0,all,ssim,0.9960427892173284
full_medium_fold0_seed0,gaussian,35.0,ship,psnr,43.98213892159205
full_medium_fold0_seed0,gaussian,35.0,ship,sam,1.1804112941026688
full_medium_fold0_seed0,gaussian,35.0,ship,ssim,0.996388212531951
full_medium_fold0_seed0,gaussian,40.0,all,psnr,52.4466909386528
full_medium_fold0_seed0,gaussian,40.0,all,sam,0.7164685502648354
full_medium_fold0_seed0,gaussian,40.0,all,ssim,0.9976834055983956
full_medium_fold0_seed0,gaussian,40.0,ship,psnr,46.43661580323546
full_medium_fold0_seed0,gaussian,40.0,ship,sam,0.8398138731718063
full_medium_fold0_seed0,gaussian,40.0,ship,ssim,0.9980565601746321
full_medium_fold0_seed0,poisson_gaussian,0.0,all,psnr,30.567400447994643
full_medium_fold0_seed0,poisson_gaussian,0.0,all,sam,5.749835133552551
full_medium_fold0_seed0,poisson_gaussian,0.0,all,ssim,0.8200418311955402
full_medium_fold0_seed0,poisson_gaussian,0.0,ship,psnr,25.368682549422044
full_medium_fold0_seed0,poisson_gaussian,0.0,ship,sam,7.763928294181824
full_medium_fold0_seed0,poisson_gaussian,0.0,ship,ssim,0.8373835244478661
full_medium_fold0_seed0,poisson_gaussian,5.0,all,psnr,33.79067185747451
full_medium_fold0_seed0,poisson_gaussian,5.0,all,sam,3.7458746433258057
full_medium_fold0_seed0,poisson_gaussian,5.0,all,ssim,0.9095294439441076
full_medium_fold0_seed0,poisson_gaussian,5.0,ship,psnr,27.74312613942212
full_medium_fold0_seed0,poisson_gaussian,5.0,ship,sam,6.330761075019836
full_medium_fold0_seed0,poisson_gaussian,5.0,ship,ssim,0.8935913341770327
full_medium_fold0_seed0,poisson_gaussian,10.0,all,psnr,36.558247481051666
full_medium_fold0_seed0,poisson_gaussian,10.0,all,sam,2.8171123266220093
full_medium_fold0_seed0,poisson_gaussian,10.0,all,ssim,0.9487593770461751
full_medium_fold0_seed0,poisson_gaussian,10.0,ship,psnr,29.580269992891374
full_medium_fold0_seed0,poisson_gaussian,10.0,ship,sam,5.379374027252197
full_medium_fold0_seed0,poisson_gaussian,10.0,ship,ssim,0.9290289476112732
full_medium_fold0_seed0,poisson_gaussian,15.0,all,psnr,39.10239925794579
full_medium_fold0_seed0,poisson_gaussian,15.0,all,sam,2.1894018352031708
full_medium_fold0_seed0,poisson_gaussian,15.0,all,ssim,0.9693792674894196
full_medium_fold0_seed0,poisson_gaussian,15.0,ship,psnr,31.74529288280391
full_medium_fold0_seed0,poisson_gaussian,15.0,ship,sam,4.418740630149841
full_medium_fold0_seed0,poisson_gaussian,15.0,ship,ssim,0.9539518949248154
full_medium_fold0_seed0,poisson_gaussian,20.0,all,psnr,41.59352954059729
full_medium_fold0_seed0,poisson_gaussian,20.0,all,sam,1.7578284740447998
full_medium_fold0_seed0,poisson_gaussian,20.0,all,ssim,0.9810039286531758
full_medium_fold0_seed0,poisson_gaussian,20.0,ship,psnr,34.279873626385154
full_medium_fold0_seed0,poisson_gaussian,20.0,ship,sam,3.4525718092918396
full_medium_fold0_seed0,poisson_gaussian,20.0,ship,ssim,0.9719732253322131
full_medium_fold0_seed0,poisson_gaussian,25.0,all,psnr,44.22253327748982
full_medium_fold0_seed0,poisson_gaussian,25.0,all,sam,1.4229896664619446
full_medium_fold0_seed0,poisson_gaussian,25.0,all,ssim,0.988150394269905
full_medium_fold0_seed0,poisson_gaussian,25.0,ship,psnr,37.34751959209653
full_medium_fold0_seed0,poisson_gaussian,25.0,ship,sam,2.509939819574356
full_medium_fold0_seed0,poisson_gaussian,25.0,ship,ssim,0.9847621125979493
full_medium_fold0_seed0,poisson_gaussian,30.0,all,psnr,47.03199388573153
full_medium_fold0_seed0,poisson_gaussian,30.0,all,sam,1.133516013622284
full_medium_fold0_seed0,poisson_gaussian,30.0,all,ssim,0.9928373640924103
full_medium_fold0_seed0,poisson_gaussian,30.0,ship,psnr,40.664837715448
full_medium_fold0_seed0,poisson_gaussian,30.0,ship,sam,1.7385284304618835
full_medium_fold0_seed0,poisson_gaussian,30.0,ship,ssim,0.9925719178931924
full_medium_fold0_seed0,poisson_gaussian,35.0,all,psnr,49.82211864500228
full_medium_fold0_seed0,poisson_gaussian,35.0,all,sam,0.879468709230423
full_medium_fold0_seed0,poisson_gaussian,35.0,all,ssim,0.9958633496645685
full_medium_fold0_seed0,poisson_gaussian,35.0,ship,psnr,43.88677452688572
full_medium_fold0_seed0,poisson_gaussian,35.0,ship,sam,1.1640347093343735
full_medium_fold0_seed0,poisson_gaussian,35.0,ship,ssim,0.9965217921729183
full_medium_fold0_seed0,poisson_gaussian,40.0,all,psnr,52.198689763307875
full_medium_fold0_seed0,poisson_gaussian,40.0,all,sam,0.6597229614853859
full_medium_fold0_seed0,poisson_gaussian,40.0,all,ssim,0.997692948098668
full_medium_fold0_seed0,poisson_gaussian,40.0,ship,psnr,46.38200517128888
full_medium_fold0_seed0,poisson_gaussian,40.0,ship,sam,0.8260233998298645
full_medium_fold0_seed0,poisson_gaussian,40.0,ship,ssim,0.9981221798584896
full_medium_fold1_seed0,correlated_gaussian,0.0,all,psnr,23.62468194526587
full_medium_fold1_seed0,correlated_gaussian,0.0,all,sam,22.82602095603943
full_medium_fold1_seed0,correlated_gaussian,0.0,all,ssim,0.45079834868586627
full_medium_fold1_seed0,correlated_gaussian,0.0,ship,psnr,22.853279125458315
full_medium_fold1_seed0,correlated_gaussian,0.0,ship,sam,26.422987699508667
full_medium_fold1_seed0,correlated_gaussian,0.0,ship,ssim,0.49181059728120013
full_medium_fold1_seed0,correlated_gaussian,5.0,all,psnr,28.15986426337262
full_medium_fold1_seed0,correlated_gaussian,5.0,all,sam,13.643242835998535
full_medium_fold1_seed0,correlated_gaussian,5.0,all,ssim,0.6832804390245368
full_medium_fold1_seed0,correlated_gaussian,5.0,ship,psnr,26.914433044707522
full_medium_fold1_seed0,correlated_gaussian,5.0,ship,sam,16.27630591392517
full_medium_fold1_seed0,correlated_gaussian,5.0,ship,ssim,0.7088681132752157
full_medium_fold1_seed0,correlated_gaussian,10.0,all,psnr,32.11568554963513
full_medium_fold1_seed0,correlated_gaussian,10.0,all,sam,8.411510586738586
full_medium_fold1_seed0,correlated_gaussian,10.0,all,ssim,0.8340569649765108
full_medium_fold1_seed0,correlated_gaussian,10.0,ship,psnr,30.42682040875725
full_medium_fold1_seed0,correlated_gaussian,10.0,ship,sam,10.36625325679779
full_medium_fold1_seed0,correlated_gaussian,10.0,ship,ssim,0.8446521685675688
full_medium_fold1_seed0,correlated_gaussian,15.0,all,psnr,35.55229672469933
full_medium_fold1_seed0,correlated_gaussian,15.0,all,sam,5.488957762718201
full_medium_fold1_seed0,correlated_gaussian,15.0,all,ssim,0.9138101363853421
full_medium_fold1_seed0,correlated_gaussian,15.0,ship,psnr,33.547876189709825
full_medium_fold1_seed0,correlated_gaussian,15.0,ship,sam,7.04983115196228
full_medium_fold1_seed0,correlated_gaussian,15.0,ship,ssim,0.9197630197590634
full_medium_fold1_seed0,correlated_gaussian,20.0,all,psnr,38.71048793763512
full_medium_fold1_seed0,correlated_gaussian,20.0,all,sam,3.811899423599243
full_medium_fold1_seed0,correlated_gaussian,20.0,all,ssim,0.9544054844158709
full_medium_fold1_seed0,correlated_gaussian,20.0,ship,psnr,36.336996562013255
full_medium_fold1_seed0,correlated_gaussian,20.0,ship,sam,5.270939350128174
full_medium_fold1_seed0,correlated_gaussian,20.0,ship,ssim,0.9565446510537483
full_medium_fold1_seed0,correlated_gaussian,25.0,all,psnr,41.799490929433155
full_medium_fold1_seed0,correlated_gaussian,25.0,all,sam,2.754266679286957
full_medium_fold1_seed0,correlated_gaussian,25.0,all,ssim,0.975422151463915
full_medium_fold1_seed0,correlated_gaussian,25.0,ship,psnr,39.45461279755709
full_medium_fold1_seed0,correlated_gaussian,25.0,ship,sam,3.8444987535476685
full_medium_fold1_seed0,correlated_gaussian,25.0,ship,ssim,0.976750912273381
full_medium_fold1_seed0,correlated_gaussian,30.0,all,psnr,44.97138434281716
full_medium_fold1_seed0,correlated_gaussian,30.0,all,sam,2.0168588757514954
full_medium_fold1_seed0,correlated_gaussian,30.0,all,ssim,0.9869279776340603
full_medium_fold1_seed0,correlated_gaussian,30.0,ship,psnr,42.97434980997347
full_medium_fold1_seed0,correlated_gaussian,30.0,ship,sam,2.719971179962158
full_medium_fold1_seed0,correlated_gaussian,30.0,ship,ssim,0.9875098787011451
full_medium_fold1_seed0,correlated_gaussian,35.0,all,psnr,48.262756642635765
full_medium_fold1_seed0,correlated_gaussian,35.0,all,sam,1.4344951510429382
full_medium_fold1_seed0,correlated_gaussian,35.0,all,ssim,0.9934263022207994
full_medium_fold1_seed0,correlated_gaussian,35.0,ship,psnr,46.837673046323836
full_medium_fold1_seed0,correlated_gaussian,35.0,ship,sam,1.81357079744339
full_medium_fold1_seed0,correlated_gaussian,35.0,ship,ssim,0.9941343162673791
full_medium_fold1_seed0,correlated_gaussian,40.0,all,psnr,51.4256625427874
full_medium_fold1_seed0,correlated_gaussian,40.0,all,sam,0.9972201734781265
full_medium_fold1_seed0,correlated_gaussian,40.0,all,ssim,0.9968384498410909
full_medium_fold1_seed0,correlated_gaussian,40.0,ship,psnr,50.47129190628183
full_medium_fold1_seed0,correlated_gaussian,40.0,ship,sam,1.197546273469925
full_medium_fold1_seed0,correlated_gaussian,40.0,ship,ssim,0.9972824760171803
full_medium_fold1_seed0,gaussian,0.0,all,psnr,32.118473821404926
full_medium_fold1_seed0,gaussian,0.0,all,sam,6.94701611995697
full_medium_fold1_seed0,gaussian,0.0,all,ssim,0.8189861130706569
full_medium_fold1_seed0,gaussian,0.0,ship,psnr,29.644421529147582
full_medium_fold1_seed0,gaussian,0.0,ship,sam,9.940155625343323
full_medium_fold1_seed0,gaussian,0.0,ship,ssim,0.8067651845544235
full_medium_fold1_seed0,gaussian,5.0,all,psnr,35.250444891104515
full_medium_fold1_seed0,gaussian,5.0,all,sam,4.700567841529846
full_medium_fold1_seed0,gaussian,5.0,all,ssim,0.9103796689773367
full_medium_fold1_seed0,gaussian,5.0,ship,psnr,32.15677677295674
full_medium_fold1_seed0,gaussian,5.0,ship,sam,7.451137900352478
full_medium_fold1_seed0,gaussian,5.0,ship,ssim,0.8955362035515019
full_medium_fold1_seed0,gaussian,10.0,all,psnr,37.79382890230199
full_medium_fold1_seed0,gaussian,10.0,all,sam,3.596506953239441
full_medium_fold1_seed0,gaussian,10.0,all,ssim,0.9482998133280212
full_medium_fold1_seed0,gaussian,10.0,ship,psnr,34.36836986444019
full_medium_fold1_seed0,gaussian,10.0,ship,sam,6.111488103866577
full_medium_fold1_seed0,gaussian,10.0,ship,ssim,0.9364694118276731
full_medium_fold1_seed0,gaussian,15.0,all,psnr,40.158787364332
full_medium_fold1_seed0,gaussian,15.0,all,sam,2.8668324649333954
full_medium_fold1_seed0,gaussian,15.0,all,ssim,0.9680766546559783
full_medium_fold1_seed0,gaussian,15.0,ship,psnr,36.474640448198066
full_medium_fold1_seed0,gaussian,15.0,ship,sam,5.037411034107208
full_medium_fold1_seed0,gaussian,15.0,ship,ssim,0.9592031837279724
full_medium_fold1_seed0,gaussian,20.0,all,psnr,42.67314896336717
full_medium_fold1_seed0,gaussian,20.0,all,sam,2.2942378520965576
full_medium_fold1_seed0,gaussian,20.0,all,ssim,0.9801835405090711
full_medium_fold1_seed0,gaussian,20.0,ship,psnr,38.78712294544982
full_medium_fold1_seed0,gaussian,20.0,ship,sam,4.08291357755661
full_medium_fold1_seed0,gaussian,20.0,ship,ssim,0.9739884667378066
full_medium_fold1_seed0,gaussian,25.0,all,psnr,45.464392291354365
full_medium_fold1_seed0,gaussian,25.0,all,sam,1.7841821312904358
full_medium_fold1_seed0,gaussian,25.0,all,ssim,0.9881798706457565
full_medium_fold1_seed0,gaussian,25.0,ship,psnr,41.69813528148148
full_medium_fold1_seed0,gaussian,25.0,ship,sam,3.083799719810486
full_medium_fold1_seed0,gaussian,25.0,ship,ssim,0.9849802666357086
full_medium_fold1_seed0,gaussian,30.0,all,psnr,48.427439143281056
full_medium_fold1_seed0,gaussian,30.0,all,sam,1.326759397983551
full_medium_fold1_seed0,gaussian,30.0,all,ssim,0.9933695064966964
full_medium_fold1_seed0,gaussian,30.0,ship,psnr,45.234616243399
full_medium_fold1_seed0,gaussian,30.0,ship,sam,2.1492970287799835
full_medium_fold1_seed0,gaussian,30.0,ship,ssim,0.9922080107899097
full_medium_fold1_seed0,gaussian,35.0,all,psnr,51.33600860447334
full_medium_fold1_seed0,gaussian,35.0,all,sam,0.9472898095846176
full_medium_fold1_seed0,gaussian,35.0,all,ssim,0.9964806938704212
full_medium_fold1_seed0,gaussian,35.0,ship,psnr,49.26005728065394
full_medium_fold1_seed0,gaussian,35.0,ship,sam,1.379742980003357
full_medium_fold1_seed0,gaussian,35.0,ship,ssim,0.9964277037000573
full_medium_fold1_seed0,gaussian,40.0,all,psnr,53.72567411178616
full_medium_fold1_seed0,gaussian,40.0,all,sam,0.6782671809196472
full_medium_fold1_seed0,gaussian,40.0,all,ssim,0.9981404198770266
full_medium_fold1_seed0,gaussian,40.0,ship,psnr,52.7100605593445
full_medium_fold1_seed0,gaussian,40.0,ship,sam,0.8989112824201584
full_medium_fold1_seed0,gaussian,40.0,ship,ssim,0.9983225941945315
full_medium_fold1_seed0,poisson_gaussian,0.0,all,psnr,31.39760413733447
full_medium_fold1_seed0,poisson_gaussian,0.0,all,sam,6.429437160491943
full_medium_fold1_seed0,poisson_gaussian,0.0,all,ssim,0.8202727863908531
full_medium_fold1_seed0,poisson_gaussian,0.0,ship,psnr,29.692903621403566
full_medium_fold1_seed0,poisson_gaussian,0.0,ship,sam,9.367876052856445
full_medium_fold1_seed0,poisson_gaussian,0.0,ship,ssim,0.828977017899733
full_medium_fold1_seed0,poisson_gaussian,5.0,all,psnr,34.68095143628233
full_medium_fold1_seed0,poisson_gaussian,5.0,all,sam,4.538057804107666
full_medium_fold1_seed0,poisson_gaussian,5.0,all,ssim,0.9082502457463634
full_medium_fold1_seed0,poisson_gaussian,5.0,ship,psnr,32.17179743081687
full_medium_fold1_seed0,poisson_gaussian,5.0,ship,sam,7.315164804458618
full_medium_fold1_seed0,poisson_gaussian,5.0,ship,ssim,0.9016128612363864
full_medium_fold1_seed0,poisson_gaussian,10.0,all,psnr,37.320998096144585
full_medium_fold1_seed0,poisson_gaussian,10.0,all,sam,3.5097464323043823
full_medium_fold1_seed0,poisson_gaussian,10.0,all,ssim,0.9466155021383058
full_medium_fold1_seed0,poisson_gaussian,10.0,ship,psnr,34.340376817234244
full_medium_fold1_seed0,poisson_gaussian,10.0,ship,sam,6.023934721946716
full_medium_fold1_seed0,poisson_gaussian,10.0,ship,ssim,0.9380331496075948
full_medium_fold1_seed0,poisson_gaussian,15.0,all,psnr,39.72422992472376
full_medium_fold1_seed0,poisson_gaussian,15.0,all,sam,2.8156594932079315
full_medium_fold1_seed0,poisson_gaussian,15.0,all,ssim,0.966962976786214
full_medium_fold1_seed0,poisson_gaussian,15.0,ship,psnr,36.47570745346424
full_medium_fold1_seed0,poisson_gaussian,15.0,ship,sam,4.995979905128479
full_medium_fold1_seed0,poisson_gaussian,15.0,ship,ssim,0.9602656129531522
full_medium_fold1_seed0,poisson_gaussian,20.0,all,psnr,42.19562853582543
full_medium_fold1_seed0,poisson_gaussian,20.0,all,sam,2.2605033218860626
full_medium_fold1_seed0,poisson_gaussian,20.0,all,ssim,0.9793828872578605
full_medium_fold1_seed0,poisson_gaussian,20.0,ship,psnr,38.86235593376473
full_medium_fold1_seed0,poisson_gaussian,20.0,ship,sam,4.041721403598785
full_medium_fold1_seed0,poisson_gaussian,20.0,ship,ssim,0.9750349845020523
full_medium_fold1_seed0,poisson_gaussian,25.0,all,psnr,44.955683033063124
full_medium_fold1_seed0,poisson_gaussian,25.0,all,sam,1.756562978029251
full_medium_fold1_seed0,poisson_gaussian,25.0,all,ssim,0.9876630993789801
full_medium_fold1_seed0,poisson_gaussian,25.0,ship,psnr,41.65966592723949
full_medium_fold1_seed0,poisson_gaussian,25.0,ship,sam,3.050515055656433
full_medium_fold1_seed0,poisson_gaussian,25.0,ship,ssim,0.9854995580317764
full_medium_fold1_seed0,poisson_gaussian,30.0,all,psnr,47.97766179349567
full_medium_fold1_seed0,poisson_gaussian,30.0,all,sam,1.2914568036794662
full_medium_fold1_seed0,poisson_gaussian,30.0,all,ssim,0.9931722074336908
full_medium_fold1_seed0,poisson_gaussian,30.0,ship,psnr,45.31792383012049
full_medium_fold1_seed0,poisson_gaussian,30.0,ship,sam,2.108393430709839
full_medium_fold1_seed0,poisson_gaussian,30.0,ship,ssim,0.9926432219933249
full_medium_fold1_seed0,poisson_gaussian,35.0,all,psnr,51.0222982225153
full_medium_fold1_seed0,poisson_gaussian,35.0,all,sam,0.9024116098880768
full_medium_fold1_seed0,poisson_gaussian,35.0,all,ssim,0.9964894262699208
full_medium_fold1_seed0,poisson_gaussian,35.0,ship,psnr,49.37955959830751
full_medium_fold1_seed0,poisson_gaussian,35.0,ship,sam,1.323204129934311
full_medium_fold1_seed0,poisson_gaussian,35.0,ship,ssim,0.9967502200492027
full_medium_fold1_seed0,poisson_gaussian,40.0,all,psnr,53.56638824337157
full_medium_fold1_seed0,poisson_gaussian,40.0,all,sam,0.6329355388879776
full_medium_fold1_seed0,poisson_gaussian,40.0,all,ssim,0.99820192689631
full_medium_fold1_seed0,poisson_gaussian,40.0,ship,psnr,52.90795676658537
full_medium_fold1_seed0,poisson_gaussian,40.0,ship,sam,0.850054070353508
full_medium_fold1_seed0,poisson_gaussian,40.0,ship,ssim,0.9984972609098934
